-- SCRIPT DE POBLADO DE TABLAS
-- (Máximo 7 registros por tabla)
-- *******************************************************************

-- Se asume que las secuencias y la estructura de tablas ya fueron creadas
-- en el paso anterior.

-- 1. SUCURSAL
-- La tabla SUCURSAL utiliza la característica IDENTITY (500, +50)

INSERT INTO SUCURSAL (ID_SUCURSAL, NOM_SUCURSAL) VALUES (500, 'Santiago Centro'); -- ID 500
INSERT INTO SUCURSAL (ID_SUCURSAL, NOM_SUCURSAL) VALUES (550, 'Puerto Montt Sur'); -- ID 550
INSERT INTO SUCURSAL (ID_SUCURSAL, NOM_SUCURSAL) VALUES (600, 'Antofagasta Norte'); -- ID 600
INSERT INTO SUCURSAL (ID_SUCURSAL, NOM_SUCURSAL) VALUES (650, 'Valparaíso'); -- ID 650
INSERT INTO SUCURSAL (ID_SUCURSAL, NOM_SUCURSAL) VALUES (700, 'Concepción'); -- ID 700


-- 2. TIPO_CARGA
-- Entidad que define el tipo de mercadería transportada.

INSERT INTO TIPO_CARGA (ID_TIPO_CARGA, NOM_TIPO_CARGA, TEMPERATURA_REQUERIDA) VALUES (1, 'Seca General', 'No');
INSERT INTO TIPO_CARGA (ID_TIPO_CARGA, NOM_TIPO_CARGA, TEMPERATURA_REQUERIDA) VALUES (2, 'Refrigerada', '-18C');
INSERT INTO TIPO_CARGA (ID_TIPO_CARGA, NOM_TIPO_CARGA, TEMPERATURA_REQUERIDA) VALUES (3, 'Líquidos No P.', 'No');
INSERT INTO TIPO_CARGA (ID_TIPO_CARGA, NOM_TIPO_CARGA, TEMPERATURA_REQUERIDA) VALUES (4, 'Materiales Cons.', 'No');
INSERT INTO TIPO_CARGA (ID_TIPO_CARGA, NOM_TIPO_CARGA, TEMPERATURA_REQUERIDA) VALUES (5, 'Carga Peligrosa', 'Ambiente');


-- 3. MODELO_VEHICULO
-- Entidad que define las especificaciones de la flota.

INSERT INTO MODELO_VEHICULO (ID_MODELO, NOM_MODELO) VALUES (100, 'Volvo FH 500');
INSERT INTO MODELO_VEHICULO (ID_MODELO, NOM_MODELO) VALUES (200, 'Scania R450');
INSERT INTO MODELO_VEHICULO (ID_MODELO, NOM_MODELO) VALUES (300, 'Mercedes Actros');
INSERT INTO MODELO_VEHICULO (ID_MODELO, NOM_MODELO) VALUES (400, 'Freightliner Cascadia');


-- 4. CONDUCTOR
-- La columna RUN_CONDUCTOR debe ser única.
-- Depende de SUCURSAL.

INSERT INTO CONDUCTOR (ID_CONDUCTOR, RUN_CONDUCTOR, NOMBRE, APELLIDO, TELEFONO, ID_SUCURSAL) VALUES (1, '11111111-1', 'Juan', 'Pérez', '987654321', 500);
INSERT INTO CONDUCTOR (ID_CONDUCTOR, RUN_CONDUCTOR, NOMBRE, APELLIDO, TELEFONO, ID_SUCURSAL) VALUES (2, '22222222-2', 'María', 'Gómez', '912345678', 500);
INSERT INTO CONDUCTOR (ID_CONDUCTOR, RUN_CONDUCTOR, NOMBRE, APELLIDO, TELEFONO, ID_SUCURSAL) VALUES (3, '33333333-3', 'Pedro', 'Lagos', '965432109', 550);
INSERT INTO CONDUCTOR (ID_CONDUCTOR, RUN_CONDUCTOR, NOMBRE, APELLIDO, TELEFONO, ID_SUCURSAL) VALUES (4, '44444444-4', 'Ana', 'Rojas', '933344455', 600);
INSERT INTO CONDUCTOR (ID_CONDUCTOR, RUN_CONDUCTOR, NOMBRE, APELLIDO, TELEFONO, ID_SUCURSAL) VALUES (5, '55555555-5', 'Luis', 'Silva', '977788899', 600);


-- 5. VEHICULO
-- Depende de MODELO_VEHICULO.
-- Regla de Negocio: CAPACIDAD_CARGA_TN > 5.

INSERT INTO VEHICULO (ID_VEHICULO, PATENTE, CAPACIDAD_CARGA_TN, ID_MODELO, ID_TIPO_CARGA) VALUES (10, 'KJ-1001', 35.5, 100, 3); -- Volvo
INSERT INTO VEHICULO (ID_VEHICULO, PATENTE, CAPACIDAD_CARGA_TN, ID_MODELO, ID_TIPO_CARGA) VALUES (20, 'LK-2002', 28.0, 200, 1); -- Scania
INSERT INTO VEHICULO (ID_VEHICULO, PATENTE, CAPACIDAD_CARGA_TN, ID_MODELO, ID_TIPO_CARGA) VALUES (30, 'MM-3003', 15.0, 300, 2); -- Mercedes (Capacidad media)
INSERT INTO VEHICULO (ID_VEHICULO, PATENTE, CAPACIDAD_CARGA_TN, ID_MODELO, ID_TIPO_CARGA) VALUES (40, 'NN-4004', 40.0, 400, 2); -- Freightliner
INSERT INTO VEHICULO (ID_VEHICULO, PATENTE, CAPACIDAD_CARGA_TN, ID_MODELO, ID_TIPO_CARGA) VALUES (50, 'PR-5005', 10.0, 300, 3); -- Mercedes (Capacidad baja)


-- 6. RUTA
-- Depende de CONDUCTOR, VEHICULO y SUCURSAL (Origen y Destino).
-- FECHA_INICIO_RUTA usa DEFAULT SYSDATE (se omite para que la BD aplique la regla).

INSERT INTO RUTA (ID_RUTA, ID_CONDUCTOR, ID_VEHICULO, ID_SUCURSAL_ORIGEN, ID_SUCURSAL_DESTINO, FECHA_TERMINO_ESTIMADA)
VALUES (100, 1, 10, 500, 550, TO_DATE('2024-06-15', 'YYYY-MM-DD')); -- Juan (500) -> Puerto Montt (550)

INSERT INTO RUTA (ID_RUTA, ID_CONDUCTOR, ID_VEHICULO, ID_SUCURSAL_ORIGEN, ID_SUCURSAL_DESTINO, FECHA_TERMINO_ESTIMADA)
VALUES (101, 2, 20, 550, 600, TO_DATE('2024-06-16', 'YYYY-MM-DD')); -- María (550) -> Antofagasta (600)

INSERT INTO RUTA (ID_RUTA, ID_CONDUCTOR, ID_VEHICULO, ID_SUCURSAL_ORIGEN, ID_SUCURSAL_DESTINO, FECHA_TERMINO_ESTIMADA)
VALUES (102, 3, 30, 600, 500, TO_DATE('2024-06-17', 'YYYY-MM-DD')); -- Pedro (600) -> Santiago (500)

INSERT INTO RUTA (ID_RUTA, ID_CONDUCTOR, ID_VEHICULO, ID_SUCURSAL_ORIGEN, ID_SUCURSAL_DESTINO, FECHA_TERMINO_ESTIMADA)
VALUES (103, 4, 40, 650, 700, TO_DATE('2024-06-18', 'YYYY-MM-DD')); -- Ana (650) -> Concepción (700)


-- 7. ENVIO
-- Utiliza el columna autoincremental (50000, +100).
-- Depende de RUTA.

INSERT INTO ENVIO (ID_RUTA, FECHA_FACTURACION, MONTO_TOTAL, ESTADO)
VALUES (100, TO_DATE('2024-06-10', 'YYYY-MM-DD'), 150000.00, 'Entregado'); -- ID 50000

INSERT INTO ENVIO (ID_RUTA, FECHA_FACTURACION, MONTO_TOTAL, ESTADO)
VALUES (100, TO_DATE('2024-06-10', 'YYYY-MM-DD'), 25000.50, 'Entregado'); -- ID 50100

INSERT INTO ENVIO (ID_RUTA, FECHA_FACTURACION, MONTO_TOTAL, ESTADO)
VALUES (101, TO_DATE('2024-06-11', 'YYYY-MM-DD'), 300000.00, 'En Curso'); -- ID 50200

INSERT INTO ENVIO (ID_RUTA, FECHA_FACTURACION, MONTO_TOTAL, ESTADO)
VALUES (102, TO_DATE('2024-06-12', 'YYYY-MM-DD'), 80000.00, 'Pendiente'); -- ID 50300

INSERT INTO ENVIO (ID_RUTA, FECHA_FACTURACION, MONTO_TOTAL, ESTADO)
VALUES (103, TO_DATE('2024-06-13', 'YYYY-MM-DD'), 120000.00, 'Entregado'); -- ID 50400


-- DETALLE_ENVIO
-- Tabla que permite la normalización (similar a DETALLEFACTURA [3]).
-- Es crucial para el cálculo de toneladas por Tipo de Carga (Consulta 1).
-- Peso en KG (debe convertirse a Toneladas para la consulta, 1 TN = 1000 KG).

-- Envío 50000 (Ruta 100 / Conductor 1)
INSERT INTO DETALLE_ENVIO (ID_ENVIO, LINEA, ID_TIPO_CARGA, PESO_KG, VALOR_CARGA) VALUES (50000, 1, 1, 10000.00, 100000.00); -- 10 TN Seca
INSERT INTO DETALLE_ENVIO (ID_ENVIO, LINEA, ID_TIPO_CARGA, PESO_KG, VALOR_CARGA) VALUES (50000, 2, 4, 5000.00, 50000.00);  -- 5 TN Mat. Cons.

-- Envío 50100 (Ruta 100 / Conductor 1)
INSERT INTO DETALLE_ENVIO (ID_ENVIO, LINEA, ID_TIPO_CARGA, PESO_KG, VALOR_CARGA) VALUES (50100, 1, 3, 2000.00, 25000.50);  -- 2 TN Líquidos

-- Envío 50200 (Ruta 101 / Conductor 2)
INSERT INTO DETALLE_ENVIO (ID_ENVIO, LINEA, ID_TIPO_CARGA, PESO_KG, VALOR_CARGA) VALUES (50200, 1, 2, 15000.00, 300000.00); -- 15 TN Refrigerada

-- Envío 50300 (Ruta 102 / Conductor 3)
INSERT INTO DETALLE_ENVIO (ID_ENVIO, LINEA, ID_TIPO_CARGA, PESO_KG, VALOR_CARGA) VALUES (50300, 1, 1, 8000.00, 80000.00);  -- 8 TN Seca

-- Envío 50400 (Ruta 103 / Conductor 4)
INSERT INTO DETALLE_ENVIO (ID_ENVIO, LINEA, ID_TIPO_CARGA, PESO_KG, VALOR_CARGA) VALUES (50400, 1, 5, 5000.00, 120000.00); -- 5 TN Peligrosa


COMMIT;