-- ============================================
-- SCRIPT DE CARGA DE DATOS - CONVENCIONES 2025
-- ============================================

-- LIMPIEZA DE TABLAS (orden inverso a dependencias)
drop TABLE venta_det;
drop TABLE venta_enc;
drop TABLE venta_entradas;
drop TABLE asis_concurso;
drop TABLE asis_conv;
drop TABLE prod_exp;
drop TABLE exp_conv;
drop TABLE inv_conv;
drop TABLE concursos;
drop TABLE entradas;
drop TABLE productos;
drop TABLE invitados;
drop TABLE expositores;
drop TABLE asistentes;
drop TABLE convenciones;
drop TABLE tipo_convencion;
drop TABLE tipo_invitado;
drop TABLE rubro;
drop TABLE categoria;
drop TABLE ciudad;
drop TABLE pais;


CREATE TABLE asis_concurso (
    asistentes_rut NUMBER NOT NULL,
    concursos_id   NUMBER NOT NULL,
    resultado      VARCHAR2(100) NOT NULL,
    posicion       NUMBER NOT NULL,
    premio         VARCHAR2(500) NOT NULL
);

ALTER TABLE asis_concurso ADD CONSTRAINT asis_concurso_pk PRIMARY KEY ( asistentes_rut,
                                                                        concursos_id );

CREATE TABLE asis_conv (
    asistentes_rut  NUMBER NOT NULL,
    convenciones_id NUMBER NOT NULL,
    annio           NUMBER(4) NOT NULL,
    tipo_pago       VARCHAR2(1) NOT NULL
);

ALTER TABLE asis_conv ADD CONSTRAINT asis_conv_pk PRIMARY KEY ( asistentes_rut,
                                                                convenciones_id );

CREATE TABLE asistentes (
    rut              NUMBER NOT NULL,
    dv               VARCHAR2(1) NOT NULL,
    nombre_completo  VARCHAR2(500) NOT NULL,
    correo           VARCHAR2(100) NOT NULL,
    telefono         VARCHAR2(20) NOT NULL,
    fecha_nacimiento DATE NOT NULL,
    pais_id          NUMBER NOT NULL
);

ALTER TABLE asistentes ADD CONSTRAINT asistentes_pk PRIMARY KEY ( rut );

CREATE TABLE categoria (
    id     NUMBER generated by default as identity (START WITH 50 INCREMENT BY 1) NOT NULL ,
    nombre VARCHAR2(100) NOT NULL
);

ALTER TABLE categoria ADD CONSTRAINT categoria_pk PRIMARY KEY ( id );

CREATE TABLE ciudad (
    id     NUMBER generated by default as identity (START WITH 50 INCREMENT BY 1) NOT NULL ,
    nombre VARCHAR2(500) NOT NULL
);

ALTER TABLE ciudad ADD CONSTRAINT ciudad_pk PRIMARY KEY ( id );

CREATE TABLE concursos (
    id              NUMBER generated by default as identity (START WITH 50 INCREMENT BY 1) NOT NULL ,
    nombre          VARCHAR2(100) NOT NULL,
    premio          VARCHAR2(500) NOT NULL,
    fecha_hora      DATE NOT NULL,
    tipo_consurso   VARCHAR2(1) NOT NULL,
    convenciones_id NUMBER NOT NULL
);

ALTER TABLE concursos ADD CONSTRAINT concursos_pk PRIMARY KEY ( id );

CREATE TABLE convenciones (
    id                 NUMBER generated by default as identity (START WITH 50 INCREMENT BY 1) NOT NULL,
    nombre             VARCHAR2(500) NOT NULL,
    fec_inicio         DATE NOT NULL,
    fec_termino        DATE NOT NULL,
    tipo_convencion_id NUMBER NOT NULL,
    pais_id            NUMBER NOT NULL,
    ciudad_id          NUMBER NOT NULL
);

ALTER TABLE convenciones ADD CONSTRAINT convenciones_pk PRIMARY KEY ( id );

CREATE TABLE entradas (
    id              NUMBER generated by default as identity (START WITH 50 INCREMENT BY 1) NOT NULL,
    fecha           DATE NOT NULL,
    tipo_entrada    VARCHAR2(1) NOT NULL,
    monto           NUMBER NOT NULL,
    convenciones_id NUMBER NOT NULL
);

ALTER TABLE entradas ADD CONSTRAINT entradas_pk PRIMARY KEY ( id );

CREATE TABLE exp_conv (
    expositores_id  NUMBER NOT NULL,
    convenciones_id NUMBER NOT NULL
);

ALTER TABLE exp_conv ADD CONSTRAINT exp_conv_pk PRIMARY KEY ( expositores_id,
                                                              convenciones_id );

CREATE TABLE expositores (
    id             NUMBER generated by default as identity (START WITH 50 INCREMENT BY 1) NOT NULL,
    nombre_empresa VARCHAR2(500) NOT NULL,
    correo         VARCHAR2(100) NOT NULL,
    rubro_id       NUMBER NOT NULL,
    tipo_prod_cont VARCHAR2(1) NOT NULL
);

ALTER TABLE expositores ADD CONSTRAINT expositores_pk PRIMARY KEY ( id );

CREATE TABLE inv_conv (
    convenciones_id    NUMBER NOT NULL,
    invitados_id       NUMBER NOT NULL,
    tipo_participacion VARCHAR2(1)
);

ALTER TABLE inv_conv ADD CONSTRAINT inv_conv_pk PRIMARY KEY ( convenciones_id,
                                                              invitados_id );

CREATE TABLE invitados (
    id               NUMBER generated by default as identity (START WITH 50 INCREMENT BY 1) NOT NULL ,
    nombre_artistico VARCHAR2(500) NOT NULL,
    nacionalidad     VARCHAR2(50) NOT NULL,
    tipo_invitado_id NUMBER NOT NULL
);

ALTER TABLE invitados ADD CONSTRAINT invitados_pk PRIMARY KEY ( id );

CREATE TABLE pais (
    id     NUMBER generated by default as identity (START WITH 50 INCREMENT BY 1) NOT NULL,
    sigla  VARCHAR2(10) NOT NULL,
    nombre VARCHAR2(500) NOT NULL
);

ALTER TABLE pais ADD CONSTRAINT pais_pk PRIMARY KEY ( id );

CREATE TABLE prod_exp (
    expositores_id NUMBER NOT NULL,
    productos_id   NUMBER NOT NULL,
    precio_conv    NUMBER NOT NULL,
    stock_conv     NUMBER NOT NULL
);

ALTER TABLE prod_exp ADD CONSTRAINT prod_exp_pk PRIMARY KEY ( expositores_id,
                                                              productos_id );

CREATE TABLE productos (
    id            NUMBER generated by default as identity (START WITH 50 INCREMENT BY 1) NOT NULL,
    nombre        VARCHAR2(500) NOT NULL,
    precio        NUMBER NOT NULL,
    stock_inicial NUMBER NOT NULL,
    categoria_id  NUMBER NOT NULL
);

ALTER TABLE productos ADD CONSTRAINT productos_pk PRIMARY KEY ( id );

CREATE TABLE rubro (
    id     NUMBER generated by default as identity (START WITH 50 INCREMENT BY 1) NOT NULL,
    nombre VARCHAR2(100) NOT NULL
);

ALTER TABLE rubro ADD CONSTRAINT rubro_pk PRIMARY KEY ( id );

CREATE TABLE tipo_convencion (
    id          NUMBER generated by default as identity (START WITH 50 INCREMENT BY 1) NOT NULL,
    nombre_tipo VARCHAR2(500) NOT NULL
);

ALTER TABLE tipo_convencion ADD CONSTRAINT tipo_convencion_pk PRIMARY KEY ( id );

CREATE TABLE tipo_invitado (
    id          NUMBER generated by default as identity (START WITH 50 INCREMENT BY 1) NOT NULL,
    descripcion VARCHAR2(1) NOT NULL
);

ALTER TABLE tipo_invitado ADD CONSTRAINT tipo_invitado_pk PRIMARY KEY ( id );

CREATE TABLE venta_det (
    id                      NUMBER NOT NULL,
    cantidad                NUMBER NOT NULL,
    sub_total               NUMBER NOT NULL,
    venta_enc_id            NUMBER NOT NULL,
    prod_exp_expositores_id NUMBER NOT NULL,
    prod_exp_productos_id   NUMBER NOT NULL
);

ALTER TABLE venta_det ADD CONSTRAINT venta_det_pk PRIMARY KEY ( id );

CREATE TABLE venta_enc (
    id                       NUMBER generated by default as identity (START WITH 50 INCREMENT BY 1) NOT NULL,
    neto                     NUMBER NOT NULL,
    iva                      NUMBER NOT NULL,
    total                    NUMBER NOT NULL,
    exp_conv_expositores_id  NUMBER NOT NULL,
    exp_conv_convenciones_id NUMBER NOT NULL
);

ALTER TABLE venta_enc ADD CONSTRAINT venta_enc_pk PRIMARY KEY ( id );

CREATE TABLE venta_entradas (
    entradas_id    NUMBER NOT NULL,
    asistentes_rut NUMBER NOT NULL,
    medio_pago     VARCHAR2(1) NOT NULL,
    cantidad       NUMBER NOT NULL
);

ALTER TABLE venta_entradas ADD CONSTRAINT venta_entradas_pk PRIMARY KEY ( entradas_id,
                                                                          asistentes_rut );

ALTER TABLE asis_concurso
    ADD CONSTRAINT asis_concurso_asistentes_fk FOREIGN KEY ( asistentes_rut )
        REFERENCES asistentes ( rut );

ALTER TABLE asis_concurso
    ADD CONSTRAINT asis_concurso_concursos_fk FOREIGN KEY ( concursos_id )
        REFERENCES concursos ( id );

ALTER TABLE asis_conv
    ADD CONSTRAINT asis_conv_asistentes_fk FOREIGN KEY ( asistentes_rut )
        REFERENCES asistentes ( rut );

ALTER TABLE asis_conv
    ADD CONSTRAINT asis_conv_convenciones_fk FOREIGN KEY ( convenciones_id )
        REFERENCES convenciones ( id );

ALTER TABLE asistentes
    ADD CONSTRAINT asistentes_pais_fk FOREIGN KEY ( pais_id )
        REFERENCES pais ( id );

ALTER TABLE concursos
    ADD CONSTRAINT concursos_convenciones_fk FOREIGN KEY ( convenciones_id )
        REFERENCES convenciones ( id );

ALTER TABLE convenciones
    ADD CONSTRAINT convenciones_ciudad_fk FOREIGN KEY ( ciudad_id )
        REFERENCES ciudad ( id );

ALTER TABLE convenciones
    ADD CONSTRAINT convenciones_pais_fk FOREIGN KEY ( pais_id )
        REFERENCES pais ( id );

ALTER TABLE convenciones
    ADD CONSTRAINT convenciones_tipo_convencion_fk FOREIGN KEY ( tipo_convencion_id )
        REFERENCES tipo_convencion ( id );

ALTER TABLE exp_conv
    ADD CONSTRAINT exp_conv_convenciones_fk FOREIGN KEY ( convenciones_id )
        REFERENCES convenciones ( id );

ALTER TABLE exp_conv
    ADD CONSTRAINT exp_conv_expositores_fk FOREIGN KEY ( expositores_id )
        REFERENCES expositores ( id );

ALTER TABLE expositores
    ADD CONSTRAINT expositores_rubro_fk FOREIGN KEY ( rubro_id )
        REFERENCES rubro ( id );

ALTER TABLE inv_conv
    ADD CONSTRAINT inv_conv_convenciones_fk FOREIGN KEY ( convenciones_id )
        REFERENCES convenciones ( id );

ALTER TABLE inv_conv
    ADD CONSTRAINT inv_conv_invitados_fk FOREIGN KEY ( invitados_id )
        REFERENCES invitados ( id );

ALTER TABLE invitados
    ADD CONSTRAINT invitados_tipo_invitado_fk FOREIGN KEY ( tipo_invitado_id )
        REFERENCES tipo_invitado ( id );

ALTER TABLE prod_exp
    ADD CONSTRAINT prod_exp_expositores_fk FOREIGN KEY ( expositores_id )
        REFERENCES expositores ( id );

ALTER TABLE prod_exp
    ADD CONSTRAINT prod_exp_productos_fk FOREIGN KEY ( productos_id )
        REFERENCES productos ( id );

ALTER TABLE productos
    ADD CONSTRAINT productos_categoria_fk FOREIGN KEY ( categoria_id )
        REFERENCES categoria ( id );

ALTER TABLE venta_det
    ADD CONSTRAINT venta_det_prod_exp_fk FOREIGN KEY ( prod_exp_expositores_id,
                                                       prod_exp_productos_id )
        REFERENCES prod_exp ( expositores_id,
                              productos_id );

ALTER TABLE venta_det
    ADD CONSTRAINT venta_det_venta_enc_fk FOREIGN KEY ( venta_enc_id )
        REFERENCES venta_enc ( id );

ALTER TABLE venta_enc
    ADD CONSTRAINT venta_enc_exp_conv_fk FOREIGN KEY ( exp_conv_expositores_id,
                                                       exp_conv_convenciones_id )
        REFERENCES exp_conv ( expositores_id,
                              convenciones_id );

ALTER TABLE venta_entradas
    ADD CONSTRAINT venta_entradas_asistentes_fk FOREIGN KEY ( asistentes_rut )
        REFERENCES asistentes ( rut );

ALTER TABLE entradas
    ADD CONSTRAINT venta_entradas_convenciones_fk FOREIGN KEY ( convenciones_id )
        REFERENCES convenciones ( id );

ALTER TABLE venta_entradas
    ADD CONSTRAINT venta_entradas_entradas_fk FOREIGN KEY ( entradas_id )
        REFERENCES entradas ( id );
-- ============================================
-- INSERTS DE DATOS
-- ============================================

-- =====================================================
-- INSERTS: 20 registros por tabla (Orden lógico)
-- Fechas realistas 2023-2025 usando TO_DATE('YYYY-MM-DD','YYYY-MM-DD')
-- Empresas expositoras: nombres reales comerciales
-- =====================================================

-- 1) pais (20)
INSERT INTO pais (id, sigla, nombre) VALUES (1, 'CL', 'Chile');
INSERT INTO pais (id, sigla, nombre) VALUES (2, 'AR', 'Argentina');
INSERT INTO pais (id, sigla, nombre) VALUES (3, 'BR', 'Brasil');
INSERT INTO pais (id, sigla, nombre) VALUES (4, 'PE', 'Perú');
INSERT INTO pais (id, sigla, nombre) VALUES (5, 'MX', 'México');
INSERT INTO pais (id, sigla, nombre) VALUES (6, 'US', 'Estados Unidos');
INSERT INTO pais (id, sigla, nombre) VALUES (7, 'CO', 'Colombia');
INSERT INTO pais (id, sigla, nombre) VALUES (8, 'ES', 'España');
INSERT INTO pais (id, sigla, nombre) VALUES (9, 'FR', 'Francia');
INSERT INTO pais (id, sigla, nombre) VALUES (10, 'IT', 'Italia');
INSERT INTO pais (id, sigla, nombre) VALUES (11, 'DE', 'Alemania');
INSERT INTO pais (id, sigla, nombre) VALUES (12, 'UY', 'Uruguay');
INSERT INTO pais (id, sigla, nombre) VALUES (13, 'BO', 'Bolivia');
INSERT INTO pais (id, sigla, nombre) VALUES (14, 'EC', 'Ecuador');
INSERT INTO pais (id, sigla, nombre) VALUES (15, 'VE', 'Venezuela');
INSERT INTO pais (id, sigla, nombre) VALUES (16, 'CR', 'Costa Rica');
INSERT INTO pais (id, sigla, nombre) VALUES (17, 'PY', 'Paraguay');
INSERT INTO pais (id, sigla, nombre) VALUES (18, 'PA', 'Panamá');
INSERT INTO pais (id, sigla, nombre) VALUES (19, 'CA', 'Canadá');
INSERT INTO pais (id, sigla, nombre) VALUES (20, 'UK', 'Reino Unido');

-- 2) ciudad (20)
INSERT INTO ciudad (id, nombre) VALUES (1, 'Santiago');
INSERT INTO ciudad (id, nombre) VALUES (2, 'Valparaíso');
INSERT INTO ciudad (id, nombre) VALUES (3, 'Concepción');
INSERT INTO ciudad (id, nombre) VALUES (4, 'Viña del Mar');
INSERT INTO ciudad (id, nombre) VALUES (5, 'Antofagasta');
INSERT INTO ciudad (id, nombre) VALUES (6, 'Temuco');
INSERT INTO ciudad (id, nombre) VALUES (7, 'La Serena');
INSERT INTO ciudad (id, nombre) VALUES (8, 'Rancagua');
INSERT INTO ciudad (id, nombre) VALUES (9, 'Talca');
INSERT INTO ciudad (id, nombre) VALUES (10, 'Iquique');
INSERT INTO ciudad (id, nombre) VALUES (11, 'Buenos Aires');
INSERT INTO ciudad (id, nombre) VALUES (12, 'Lima');
INSERT INTO ciudad (id, nombre) VALUES (13, 'São Paulo');
INSERT INTO ciudad (id, nombre) VALUES (14, 'Ciudad de México');
INSERT INTO ciudad (id, nombre) VALUES (15, 'Bogotá');
INSERT INTO ciudad (id, nombre) VALUES (16, 'Montevideo');
INSERT INTO ciudad (id, nombre) VALUES (17, 'Quito');
INSERT INTO ciudad (id, nombre) VALUES (18, 'Panamá City');
INSERT INTO ciudad (id, nombre) VALUES (19, 'Toronto');
INSERT INTO ciudad (id, nombre) VALUES (20, 'Madrid');

-- 3) tipo_convencion (20)
INSERT INTO tipo_convencion (id, nombre_tipo) VALUES (1, 'Tecnología');
INSERT INTO tipo_convencion (id, nombre_tipo) VALUES (2, 'Cómics');
INSERT INTO tipo_convencion (id, nombre_tipo) VALUES (3, 'Gastronomía');
INSERT INTO tipo_convencion (id, nombre_tipo) VALUES (4, 'Educación');
INSERT INTO tipo_convencion (id, nombre_tipo) VALUES (5, 'Salud');
INSERT INTO tipo_convencion (id, nombre_tipo) VALUES (6, 'Negocios');
INSERT INTO tipo_convencion (id, nombre_tipo) VALUES (7, 'Turismo');
INSERT INTO tipo_convencion (id, nombre_tipo) VALUES (8, 'Deportes');
INSERT INTO tipo_convencion (id, nombre_tipo) VALUES (9, 'Medio Ambiente');
INSERT INTO tipo_convencion (id, nombre_tipo) VALUES (10, 'Moda');
INSERT INTO tipo_convencion (id, nombre_tipo) VALUES (11, 'Automotriz');
INSERT INTO tipo_convencion (id, nombre_tipo) VALUES (12, 'Música');
INSERT INTO tipo_convencion (id, nombre_tipo) VALUES (13, 'Arte');
INSERT INTO tipo_convencion (id, nombre_tipo) VALUES (14, 'Startups');
INSERT INTO tipo_convencion (id, nombre_tipo) VALUES (15, 'Finanzas');
INSERT INTO tipo_convencion (id, nombre_tipo) VALUES (16, 'Agricultura');
INSERT INTO tipo_convencion (id, nombre_tipo) VALUES (17, 'Cine');
INSERT INTO tipo_convencion (id, nombre_tipo) VALUES (18, 'Juegos');
INSERT INTO tipo_convencion (id, nombre_tipo) VALUES (19, 'Robótica');
INSERT INTO tipo_convencion (id, nombre_tipo) VALUES (20, 'Educación Infantil');

-- 4) rubro (20)
INSERT INTO rubro (id, nombre) VALUES (1, 'Electrónica');
INSERT INTO rubro (id, nombre) VALUES (2, 'Videojuegos');
INSERT INTO rubro (id, nombre) VALUES (3, 'Editorial');
INSERT INTO rubro (id, nombre) VALUES (4, 'Alimentos');
INSERT INTO rubro (id, nombre) VALUES (5, 'Salud');
INSERT INTO rubro (id, nombre) VALUES (6, 'Moda');
INSERT INTO rubro (id, nombre) VALUES (7, 'Automoción');
INSERT INTO rubro (id, nombre) VALUES (8, 'Deportes');
INSERT INTO rubro (id, nombre) VALUES (9, 'Juguetes');
INSERT INTO rubro (id, nombre) VALUES (10, 'Servicios TI');
INSERT INTO rubro (id, nombre) VALUES (11, 'Fotografía');
INSERT INTO rubro (id, nombre) VALUES (12, 'Audio');
INSERT INTO rubro (id, nombre) VALUES (13, 'Mobiliario');
INSERT INTO rubro (id, nombre) VALUES (14, 'Cosmética');
INSERT INTO rubro (id, nombre) VALUES (15, 'Turismo');
INSERT INTO rubro (id, nombre) VALUES (16, 'Educación');
INSERT INTO rubro (id, nombre) VALUES (17, 'Impresión 3D');
INSERT INTO rubro (id, nombre) VALUES (18, 'Hogar');
INSERT INTO rubro (id, nombre) VALUES (19, 'Coleccionables');
INSERT INTO rubro (id, nombre) VALUES (20, 'Educación Digital');

-- 5) categoria (20)
INSERT INTO categoria (id, nombre) VALUES (1, 'Accesorios');
INSERT INTO categoria (id, nombre) VALUES (2, 'Ropa');
INSERT INTO categoria (id, nombre) VALUES (3, 'Hardware');
INSERT INTO categoria (id, nombre) VALUES (4, 'Software');
INSERT INTO categoria (id, nombre) VALUES (5, 'Alimentos y Bebidas');
INSERT INTO categoria (id, nombre) VALUES (6, 'Ilustración');
INSERT INTO categoria (id, nombre) VALUES (7, 'Instrumentos');
INSERT INTO categoria (id, nombre) VALUES (8, 'Coleccionables');
INSERT INTO categoria (id, nombre) VALUES (9, 'Figuras');
INSERT INTO categoria (id, nombre) VALUES (10, 'Impresión');
INSERT INTO categoria (id, nombre) VALUES (11, 'Cámaras');
INSERT INTO categoria (id, nombre) VALUES (12, 'Audio');
INSERT INTO categoria (id, nombre) VALUES (13, 'Muebles');
INSERT INTO categoria (id, nombre) VALUES (14, 'Cosméticos');
INSERT INTO categoria (id, nombre) VALUES (15, 'Paquetes turísticos');
INSERT INTO categoria (id, nombre) VALUES (16, 'Cursos');
INSERT INTO categoria (id, nombre) VALUES (17, 'Material didáctico');
INSERT INTO categoria (id, nombre) VALUES (18, 'Electrodomésticos');
INSERT INTO categoria (id, nombre) VALUES (19, 'Juegos de mesa');
INSERT INTO categoria (id, nombre) VALUES (20, 'Coleccionables');

-- 6) tipo_invitado (20) - descripcion de 1 caracter según DDL
INSERT INTO tipo_invitado (id, descripcion) VALUES (1, 'A');
INSERT INTO tipo_invitado (id, descripcion) VALUES (2, 'B');
INSERT INTO tipo_invitado (id, descripcion) VALUES (3, 'C');
INSERT INTO tipo_invitado (id, descripcion) VALUES (4, 'D');
INSERT INTO tipo_invitado (id, descripcion) VALUES (5, 'E');
INSERT INTO tipo_invitado (id, descripcion) VALUES (6, 'F');
INSERT INTO tipo_invitado (id, descripcion) VALUES (7, 'G');
INSERT INTO tipo_invitado (id, descripcion) VALUES (8, 'H');
INSERT INTO tipo_invitado (id, descripcion) VALUES (9, 'I');
INSERT INTO tipo_invitado (id, descripcion) VALUES (10, 'J');
INSERT INTO tipo_invitado (id, descripcion) VALUES (11, 'K');
INSERT INTO tipo_invitado (id, descripcion) VALUES (12, 'L');
INSERT INTO tipo_invitado (id, descripcion) VALUES (13, 'M');
INSERT INTO tipo_invitado (id, descripcion) VALUES (14, 'N');
INSERT INTO tipo_invitado (id, descripcion) VALUES (15, 'O');
INSERT INTO tipo_invitado (id, descripcion) VALUES (16, 'P');
INSERT INTO tipo_invitado (id, descripcion) VALUES (17, 'Q');
INSERT INTO tipo_invitado (id, descripcion) VALUES (18, 'R');
INSERT INTO tipo_invitado (id, descripcion) VALUES (19, 'S');
INSERT INTO tipo_invitado (id, descripcion) VALUES (20, 'T');

-- 7) asistentes (20) - rut numeric unique, dv 1 char
INSERT INTO asistentes (rut, dv, nombre_completo, correo, telefono, fecha_nacimiento, pais_id)
VALUES (11111111, '1', 'María López', 'maria.lopez@gmail.com', '+56991234511', TO_DATE('1990-05-14','YYYY-MM-DD'), 1);
INSERT INTO asistentes (rut, dv, nombre_completo, correo, telefono, fecha_nacimiento, pais_id)
VALUES (22222222, '2', 'Carlos Díaz', 'carlos.diaz@gmail.com', '+56991234522', TO_DATE('1985-07-23','YYYY-MM-DD'), 1);
INSERT INTO asistentes (rut, dv, nombre_completo, correo, telefono, fecha_nacimiento, pais_id)
VALUES (33333333, '3', 'Javiera Toro', 'javiera.toro@gmail.com', '+56991234533', TO_DATE('1992-03-11','YYYY-MM-DD'), 1);
INSERT INTO asistentes (rut, dv, nombre_completo, correo, telefono, fecha_nacimiento, pais_id)
VALUES (44444444, '4', 'Andrés Fuentes', 'andres.fuentes@gmail.com', '+56991234544', TO_DATE('1978-11-02','YYYY-MM-DD'), 2);
INSERT INTO asistentes (rut, dv, nombre_completo, correo, telefono, fecha_nacimiento, pais_id)
VALUES (55555555, '5', 'Camila Rojas', 'camila.rojas@gmail.com', '+56991234555', TO_DATE('1995-12-30','YYYY-MM-DD'), 3);
INSERT INTO asistentes (rut, dv, nombre_completo, correo, telefono, fecha_nacimiento, pais_id)
VALUES (66666666, '6', 'Felipe González', 'felipe.gonzalez@gmail.com', '+56991234566', TO_DATE('1988-09-18','YYYY-MM-DD'), 4);
INSERT INTO asistentes (rut, dv, nombre_completo, correo, telefono, fecha_nacimiento, pais_id)
VALUES (77777777, '7', 'Paula Martínez', 'paula.martinez@gmail.com', '+56991234577', TO_DATE('1993-02-05','YYYY-MM-DD'), 5);
INSERT INTO asistentes (rut, dv, nombre_completo, correo, telefono, fecha_nacimiento, pais_id)
VALUES (88888888, '8', 'Hugo Fernández', 'hugo.fernandez@gmail.com', '+56991234588', TO_DATE('1980-08-09','YYYY-MM-DD'), 6);
INSERT INTO asistentes (rut, dv, nombre_completo, correo, telefono, fecha_nacimiento, pais_id)
VALUES (99999999, '9', 'Lucía Pérez', 'lucia.perez@gmail.com', '+56991234599', TO_DATE('1997-04-21','YYYY-MM-DD'), 7);
INSERT INTO asistentes (rut, dv, nombre_completo, correo, telefono, fecha_nacimiento, pais_id)
VALUES (10101010, 'K', 'Diego Ramirez', 'diego.ramirez@gmail.com', '+56991234101', TO_DATE('1991-06-16','YYYY-MM-DD'), 8);
INSERT INTO asistentes (rut, dv, nombre_completo, correo, telefono, fecha_nacimiento, pais_id)
VALUES (12121212, '2', 'Sofía Navarro', 'sofia.navarro@gmail.com', '+56991234121', TO_DATE('1994-10-30','YYYY-MM-DD'), 9);
INSERT INTO asistentes (rut, dv, nombre_completo, correo, telefono, fecha_nacimiento, pais_id)
VALUES (13131313, '3', 'Ricardo Soto', 'ricardo.soto@gmail.com', '+56991234131', TO_DATE('1982-01-05','YYYY-MM-DD'), 10);
INSERT INTO asistentes (rut, dv, nombre_completo, correo, telefono, fecha_nacimiento, pais_id)
VALUES (14141414, '4', 'Verónica Muñoz', 'veronica.munoz@gmail.com', '+56991234141', TO_DATE('1996-03-27','YYYY-MM-DD'), 11);
INSERT INTO asistentes (rut, dv, nombre_completo, correo, telefono, fecha_nacimiento, pais_id)
VALUES (15151515, '5', 'Mauricio Andrade', 'mauricio.andrade@gmail.com', '+56991234151', TO_DATE('1975-09-09','YYYY-MM-DD'), 12);
INSERT INTO asistentes (rut, dv, nombre_completo, correo, telefono, fecha_nacimiento, pais_id)
VALUES (16161616, '6', 'Natalia Campos', 'natalia.campos@gmail.com', '+56991234161', TO_DATE('2000-02-14','YYYY-MM-DD'), 13);
INSERT INTO asistentes (rut, dv, nombre_completo, correo, telefono, fecha_nacimiento, pais_id)
VALUES (17171717, '7', 'Gonzalo Vega', 'gonzalo.vega@gmail.com', '+56991234171', TO_DATE('1987-12-01','YYYY-MM-DD'), 14);
INSERT INTO asistentes (rut, dv, nombre_completo, correo, telefono, fecha_nacimiento, pais_id)
VALUES (18181818, '8', 'Paula Bravo', 'paula.bravo@gmail.com', '+56991234181', TO_DATE('1998-07-07','YYYY-MM-DD'), 15);
INSERT INTO asistentes (rut, dv, nombre_completo, correo, telefono, fecha_nacimiento, pais_id)
VALUES (19191919, '9', 'Ignacio Ruiz', 'ignacio.ruiz@gmail.com', '+56991234191', TO_DATE('1984-11-19','YYYY-MM-DD'), 16);
INSERT INTO asistentes (rut, dv, nombre_completo, correo, telefono, fecha_nacimiento, pais_id)
VALUES (20202020, '0', 'Valentina Silva', 'valentina.silva@gmail.com', '+56991234202', TO_DATE('1999-05-05','YYYY-MM-DD'), 17);

-- 8) convenciones (20)
INSERT INTO convenciones (id, nombre, fec_inicio, fec_termino, tipo_convencion_id, pais_id, ciudad_id)
VALUES (1, 'ComicFest Santiago 2025', TO_DATE('2025-07-10','YYYY-MM-DD'), TO_DATE('2025-07-13','YYYY-MM-DD'), 2, 1, 1);
INSERT INTO convenciones (id, nombre, fec_inicio, fec_termino, tipo_convencion_id, pais_id, ciudad_id)
VALUES (2, 'TechWorld Chile 2025', TO_DATE('2025-08-05','YYYY-MM-DD'), TO_DATE('2025-08-07','YYYY-MM-DD'), 1, 1, 1);
INSERT INTO convenciones (id, nombre, fec_inicio, fec_termino, tipo_convencion_id, pais_id, ciudad_id)
VALUES (3, 'GastroExpo Valparaíso 2024', TO_DATE('2024-09-12','YYYY-MM-DD'), TO_DATE('2024-09-14','YYYY-MM-DD'), 3, 1, 2);
INSERT INTO convenciones (id, nombre, fec_inicio, fec_termino, tipo_convencion_id, pais_id, ciudad_id)
VALUES (4, 'EduCon 2023 Santiago', TO_DATE('2023-11-20','YYYY-MM-DD'), TO_DATE('2023-11-22','YYYY-MM-DD'), 4, 1, 1);
INSERT INTO convenciones (id, nombre, fec_inicio, fec_termino, tipo_convencion_id, pais_id, ciudad_id)
VALUES (5, 'Salud y Bienestar Lima 2024', TO_DATE('2024-05-15','YYYY-MM-DD'), TO_DATE('2024-05-17','YYYY-MM-DD'), 5, 4, 12);
INSERT INTO convenciones (id, nombre, fec_inicio, fec_termino, tipo_convencion_id, pais_id, ciudad_id)
VALUES (6, 'Startup Summit Buenos Aires 2024', TO_DATE('2024-10-03','YYYY-MM-DD'), TO_DATE('2024-10-05','YYYY-MM-DD'), 14, 2, 11);
INSERT INTO convenciones (id, nombre, fec_inicio, fec_termino, tipo_convencion_id, pais_id, ciudad_id)
VALUES (7, 'AutoShow São Paulo 2025', TO_DATE('2025-03-01','YYYY-MM-DD'), TO_DATE('2025-03-05','YYYY-MM-DD'), 11, 3, 13);
INSERT INTO convenciones (id, nombre, fec_inicio, fec_termino, tipo_convencion_id, pais_id, ciudad_id)
VALUES (8, 'MusicFest Madrid 2024', TO_DATE('2024-06-20','YYYY-MM-DD'), TO_DATE('2024-06-23','YYYY-MM-DD'), 12, 8, 20);
INSERT INTO convenciones (id, nombre, fec_inicio, fec_termino, tipo_convencion_id, pais_id, ciudad_id)
VALUES (9, 'EcoFuture Paris 2026', TO_DATE('2026-03-10','YYYY-MM-DD'), TO_DATE('2026-03-12','YYYY-MM-DD'), 9, 9, 9);
INSERT INTO convenciones (id, nombre, fec_inicio, fec_termino, tipo_convencion_id, pais_id, ciudad_id)
VALUES (10, 'ExpoFoto Santiago 2024', TO_DATE('2024-04-10','YYYY-MM-DD'), TO_DATE('2024-04-12','YYYY-MM-DD'), 11, 1, 1);
INSERT INTO convenciones (id, nombre, fec_inicio, fec_termino, tipo_convencion_id, pais_id, ciudad_id)
VALUES (11, 'GamesCon 2025 Ciudad de México', TO_DATE('2025-09-18','YYYY-MM-DD'), TO_DATE('2025-09-21','YYYY-MM-DD'), 18, 5, 14);
INSERT INTO convenciones (id, nombre, fec_inicio, fec_termino, tipo_convencion_id, pais_id, ciudad_id)
VALUES (12, 'Fashion Week Milan 2024', TO_DATE('2024-09-01','YYYY-MM-DD'), TO_DATE('2024-09-05','YYYY-MM-DD'), 10, 10, 10);
INSERT INTO convenciones (id, nombre, fec_inicio, fec_termino, tipo_convencion_id, pais_id, ciudad_id)
VALUES (13, 'GreenAgri Quito 2024', TO_DATE('2024-08-20','YYYY-MM-DD'), TO_DATE('2024-08-22','YYYY-MM-DD'), 16, 14, 17);
INSERT INTO convenciones (id, nombre, fec_inicio, fec_termino, tipo_convencion_id, pais_id, ciudad_id)
VALUES (14, 'FilmFest Toronto 2025', TO_DATE('2025-11-05','YYYY-MM-DD'), TO_DATE('2025-11-10','YYYY-MM-DD'), 17, 19, 19);
INSERT INTO convenciones (id, nombre, fec_inicio, fec_termino, tipo_convencion_id, pais_id, ciudad_id)
VALUES (15, 'Robotics Expo Berlin 2024', TO_DATE('2024-10-14','YYYY-MM-DD'), TO_DATE('2024-10-17','YYYY-MM-DD'), 19, 11, 11);
INSERT INTO convenciones (id, nombre, fec_inicio, fec_termino, tipo_convencion_id, pais_id, ciudad_id)
VALUES (16, 'ComicFest Valparaíso 2024', TO_DATE('2024-07-08','YYYY-MM-DD'), TO_DATE('2024-07-10','YYYY-MM-DD'), 2, 1, 2);
INSERT INTO convenciones (id, nombre, fec_inicio, fec_termino, tipo_convencion_id, pais_id, ciudad_id)
VALUES (17, 'EduKids Santiago 2025', TO_DATE('2025-05-20','YYYY-MM-DD'), TO_DATE('2025-05-22','YYYY-MM-DD'), 20, 1, 1);
INSERT INTO convenciones (id, nombre, fec_inicio, fec_termino, tipo_convencion_id, pais_id, ciudad_id)
VALUES (18, 'Blockchain Summit 2024', TO_DATE('2024-11-11','YYYY-MM-DD'), TO_DATE('2024-11-13','YYYY-MM-DD'), 15, 6, 6);
INSERT INTO convenciones (id, nombre, fec_inicio, fec_termino, tipo_convencion_id, pais_id, ciudad_id)
VALUES (19, 'Photography Expo Toronto 2025', TO_DATE('2025-02-10','YYYY-MM-DD'), TO_DATE('2025-02-12','YYYY-MM-DD'), 11, 19, 19);
INSERT INTO convenciones (id, nombre, fec_inicio, fec_termino, tipo_convencion_id, pais_id, ciudad_id)
VALUES (20, 'Education Summit Madrid 2025', TO_DATE('2025-06-01','YYYY-MM-DD'), TO_DATE('2025-06-03','YYYY-MM-DD'), 4, 8, 20);

-- 9) concursos (20)
INSERT INTO concursos (id, nombre, premio, fecha_hora, tipo_consurso, convenciones_id)
VALUES (1, 'Cosplay Challenge', 'Viaje a Tokio', TO_DATE('2025-07-11','YYYY-MM-DD'), 'A', 1);
INSERT INTO concursos (id, nombre, premio, fecha_hora, tipo_consurso, convenciones_id)
VALUES (2, 'Hackathon IA', 'Laptop Gamer', TO_DATE('2025-08-06','YYYY-MM-DD'), 'B', 2);
INSERT INTO concursos (id, nombre, premio, fecha_hora, tipo_consurso, convenciones_id)
VALUES (3, 'Chilean Chef Cup', 'Cocina profesional', TO_DATE('2024-09-13','YYYY-MM-DD'), 'A', 3);
INSERT INTO concursos (id, nombre, premio, fecha_hora, tipo_consurso, convenciones_id)
VALUES (4, 'Math Challenge', 'Tablet', TO_DATE('2023-11-21','YYYY-MM-DD'), 'B', 4);
INSERT INTO concursos (id, nombre, premio, fecha_hora, tipo_consurso, convenciones_id)
VALUES (5, 'Wellness Run', 'Inscripción global', TO_DATE('2024-05-16','YYYY-MM-DD'), 'A', 5);
INSERT INTO concursos (id, nombre, premio, fecha_hora, tipo_consurso, convenciones_id)
VALUES (6, 'Startup Pitch', 'Seed Funding', TO_DATE('2024-10-04','YYYY-MM-DD'), 'B', 6);
INSERT INTO concursos (id, nombre, premio, fecha_hora, tipo_consurso, convenciones_id)
VALUES (7, 'Design Challenge', 'Printer 3D', TO_DATE('2025-03-02','YYYY-MM-DD'), 'A', 7);
INSERT INTO concursos (id, nombre, premio, fecha_hora, tipo_consurso, convenciones_id)
VALUES (8, 'Band Battle', 'Contrato local', TO_DATE('2024-06-21','YYYY-MM-DD'), 'B', 8);
INSERT INTO concursos (id, nombre, premio, fecha_hora, tipo_consurso, convenciones_id)
VALUES (9, 'Eco Innovators', 'Beca proyecto', TO_DATE('2026-03-11','YYYY-MM-DD'), 'A', 9);
INSERT INTO concursos (id, nombre, premio, fecha_hora, tipo_consurso, convenciones_id)
VALUES (10, 'Photo Contest', 'Cámara profesional', TO_DATE('2024-04-11','YYYY-MM-DD'), 'B', 10);
INSERT INTO concursos (id, nombre, premio, fecha_hora, tipo_consurso, convenciones_id)
VALUES (11, 'Indie Game Award', 'Publicación en plataforma', TO_DATE('2025-09-19','YYYY-MM-DD'), 'A', 11);
INSERT INTO concursos (id, nombre, premio, fecha_hora, tipo_consurso, convenciones_id)
VALUES (12, 'Fashion Design', 'Pasarela', TO_DATE('2024-09-02','YYYY-MM-DD'), 'B', 12);
INSERT INTO concursos (id, nombre, premio, fecha_hora, tipo_consurso, convenciones_id)
VALUES (13, 'AgriTech Prize', 'Financiamiento', TO_DATE('2024-08-21','YYYY-MM-DD'), 'A', 13);
INSERT INTO concursos (id, nombre, premio, fecha_hora, tipo_consurso, convenciones_id)
VALUES (14, 'Short Film Award', 'Distribución', TO_DATE('2025-11-06','YYYY-MM-DD'), 'B', 14);
INSERT INTO concursos (id, nombre, premio, fecha_hora, tipo_consurso, convenciones_id)
VALUES (15, 'Robot League', 'Kit avanzado', TO_DATE('2024-10-15','YYYY-MM-DD'), 'A', 15);
INSERT INTO concursos (id, nombre, premio, fecha_hora, tipo_consurso, convenciones_id)
VALUES (16, 'Cosplay Valpo', 'Pasaje + Hotel', TO_DATE('2024-07-09','YYYY-MM-DD'), 'A', 16);
INSERT INTO concursos (id, nombre, premio, fecha_hora, tipo_consurso, convenciones_id)
VALUES (17, 'Kids Innovation', 'Kit educativo', TO_DATE('2025-05-21','YYYY-MM-DD'), 'B', 17);
INSERT INTO concursos (id, nombre, premio, fecha_hora, tipo_consurso, convenciones_id)
VALUES (18, 'Blockchain Hack', 'Créditos nube', TO_DATE('2024-11-12','YYYY-MM-DD'), 'B', 18);
INSERT INTO concursos (id, nombre, premio, fecha_hora, tipo_consurso, convenciones_id)
VALUES (19, 'Photo Toronto', 'Viaje + cámara', TO_DATE('2025-02-11','YYYY-MM-DD'), 'A', 19);
INSERT INTO concursos (id, nombre, premio, fecha_hora, tipo_consurso, convenciones_id)
VALUES (20, 'EduIdea', 'Beca curso', TO_DATE('2025-06-02','YYYY-MM-DD'), 'B', 20);

-- 10) expositores (20) - empresas reales
INSERT INTO expositores (id, nombre_empresa, correo, rubro_id, tipo_prod_cont)
VALUES (1, 'Samsung Electronics', 'contact@samsung.com', 1, 'P');
INSERT INTO expositores (id, nombre_empresa, correo, rubro_id, tipo_prod_cont)
VALUES (2, 'Apple Inc.', 'contact@apple.com', 1, 'P');
INSERT INTO expositores (id, nombre_empresa, correo, rubro_id, tipo_prod_cont)
VALUES (3, 'Microsoft', 'contact@microsoft.com', 10, 'S');
INSERT INTO expositores (id, nombre_empresa, correo, rubro_id, tipo_prod_cont)
VALUES (4, 'Google LLC', 'contact@google.com', 10, 'S');
INSERT INTO expositores (id, nombre_empresa, correo, rubro_id, tipo_prod_cont)
VALUES (5, 'Sony Corporation', 'contact@sony.com', 12, 'P');
INSERT INTO expositores (id, nombre_empresa, correo, rubro_id, tipo_prod_cont)
VALUES (6, 'LG Electronics', 'contact@lg.com', 1, 'P');
INSERT INTO expositores (id, nombre_empresa, correo, rubro_id, tipo_prod_cont)
VALUES (7, 'Huawei Technologies', 'contact@huawei.com', 1, 'P');
INSERT INTO expositores (id, nombre_empresa, correo, rubro_id, tipo_prod_cont)
VALUES (8, 'Xiaomi', 'contact@xiaomi.com', 1, 'P');
INSERT INTO expositores (id, nombre_empresa, correo, rubro_id, tipo_prod_cont)
VALUES (9, 'Bose Corporation', 'contact@bose.com', 12, 'P');
INSERT INTO expositores (id, nombre_empresa, correo, rubro_id, tipo_prod_cont)
VALUES (10, 'HP Inc.', 'contact@hp.com', 3, 'P');
INSERT INTO expositores (id, nombre_empresa, correo, rubro_id, tipo_prod_cont)
VALUES (11, 'Dell Technologies', 'contact@dell.com', 3, 'P');
INSERT INTO expositores (id, nombre_empresa, correo, rubro_id, tipo_prod_cont)
VALUES (12, 'Acer', 'contact@acer.com', 3, 'P');
INSERT INTO expositores (id, nombre_empresa, correo, rubro_id, tipo_prod_cont)
VALUES (13, 'Lenovo', 'contact@lenovo.com', 3, 'P');
INSERT INTO expositores (id, nombre_empresa, correo, rubro_id, tipo_prod_cont)
VALUES (14, 'Asus', 'contact@asus.com', 3, 'P');
INSERT INTO expositores (id, nombre_empresa, correo, rubro_id, tipo_prod_cont)
VALUES (15, 'Canon Inc.', 'contact@canon.com', 11, 'P');
INSERT INTO expositores (id, nombre_empresa, correo, rubro_id, tipo_prod_cont)
VALUES (16, 'Nikon', 'contact@nikon.com', 11, 'P');
INSERT INTO expositores (id, nombre_empresa, correo, rubro_id, tipo_prod_cont)
VALUES (17, 'Logitech', 'contact@logitech.com', 12, 'P');
INSERT INTO expositores (id, nombre_empresa, correo, rubro_id, tipo_prod_cont)
VALUES (18, 'Nintendo', 'contact@nintendo.com', 2, 'P');
INSERT INTO expositores (id, nombre_empresa, correo, rubro_id, tipo_prod_cont)
VALUES (19, 'Electronic Arts', 'contact@ea.com', 2, 'S');
INSERT INTO expositores (id, nombre_empresa, correo, rubro_id, tipo_prod_cont)
VALUES (20, 'Blizzard Entertainment', 'contact@blizzard.com', 2, 'S');

-- 11) exp_conv (20) - vincular expositores con convenciones (cada row = expositor participa en conv)
INSERT INTO exp_conv (expositores_id, convenciones_id) VALUES (1, 2);
INSERT INTO exp_conv (expositores_id, convenciones_id) VALUES (2, 2);
INSERT INTO exp_conv (expositores_id, convenciones_id) VALUES (3, 2);
INSERT INTO exp_conv (expositores_id, convenciones_id) VALUES (4, 2);
INSERT INTO exp_conv (expositores_id, convenciones_id) VALUES (5, 8);
INSERT INTO exp_conv (expositores_id, convenciones_id) VALUES (6, 7);
INSERT INTO exp_conv (expositores_id, convenciones_id) VALUES (7, 2);
INSERT INTO exp_conv (expositores_id, convenciones_id) VALUES (8, 2);
INSERT INTO exp_conv (expositores_id, convenciones_id) VALUES (9, 8);
INSERT INTO exp_conv (expositores_id, convenciones_id) VALUES (10, 10);
INSERT INTO exp_conv (expositores_id, convenciones_id) VALUES (11, 10);
INSERT INTO exp_conv (expositores_id, convenciones_id) VALUES (12, 10);
INSERT INTO exp_conv (expositores_id, convenciones_id) VALUES (13, 10);
INSERT INTO exp_conv (expositores_id, convenciones_id) VALUES (14, 11);
INSERT INTO exp_conv (expositores_id, convenciones_id) VALUES (15, 10);
INSERT INTO exp_conv (expositores_id, convenciones_id) VALUES (16, 10);
INSERT INTO exp_conv (expositores_id, convenciones_id) VALUES (17, 8);
INSERT INTO exp_conv (expositores_id, convenciones_id) VALUES (18, 1);
INSERT INTO exp_conv (expositores_id, convenciones_id) VALUES (19, 11);
INSERT INTO exp_conv (expositores_id, convenciones_id) VALUES (20, 11);

-- 12) productos (20)
INSERT INTO productos (id, nombre, precio, stock_inicial, categoria_id) VALUES (1, 'Galaxy S23', 699000, 50, 3);
INSERT INTO productos (id, nombre, precio, stock_inicial, categoria_id) VALUES (2, 'iPhone 14', 899000, 40, 3);
INSERT INTO productos (id, nombre, precio, stock_inicial, categoria_id) VALUES (3, 'Surface Pro 8', 1200000, 20, 3);
INSERT INTO productos (id, nombre, precio, stock_inicial, categoria_id) VALUES (4, 'Pixel 7', 599000, 30, 3);
INSERT INTO productos (id, nombre, precio, stock_inicial, categoria_id) VALUES (5, 'PlayStation 5', 499000, 15, 9);
INSERT INTO productos (id, nombre, precio, stock_inicial, categoria_id) VALUES (6, 'Xperia 1', 549000, 10, 3);
INSERT INTO productos (id, nombre, precio, stock_inicial, categoria_id) VALUES (7, 'TV OLED 55"', 1299000, 8, 1);
INSERT INTO productos (id, nombre, precio, stock_inicial, categoria_id) VALUES (8, 'Laptop HP Pavilion', 699000, 25, 3);
INSERT INTO productos (id, nombre, precio, stock_inicial, categoria_id) VALUES (9, 'Dell XPS 13', 1399000, 12, 3);
INSERT INTO productos (id, nombre, precio, stock_inicial, categoria_id) VALUES (10, 'Acer Swift 3', 549000, 20, 3);
INSERT INTO productos (id, nombre, precio, stock_inicial, categoria_id) VALUES (11, 'Canon EOS R10', 899000, 7, 11);
INSERT INTO productos (id, nombre, precio, stock_inicial, categoria_id) VALUES (12, 'Nikon Z50', 799000, 6, 11);
INSERT INTO productos (id, nombre, precio, stock_inicial, categoria_id) VALUES (13, 'Logitech MX Master 3', 119900, 60, 1);
INSERT INTO productos (id, nombre, precio, stock_inicial, categoria_id) VALUES (14, 'Nintendo Switch', 349000, 30, 9);
INSERT INTO productos (id, nombre, precio, stock_inicial, categoria_id) VALUES (15, 'EA Sports FIFA', 35990, 100, 4);
INSERT INTO productos (id, nombre, precio, stock_inicial, categoria_id) VALUES (16, 'Blizzard Overwatch 2', 29990, 80, 4);
INSERT INTO productos (id, nombre, precio, stock_inicial, categoria_id) VALUES (17, 'Xiaomi Mi Band', 39990, 200, 1);
INSERT INTO productos (id, nombre, precio, stock_inicial, categoria_id) VALUES (18, 'Bose QC35', 199900, 25, 12);
INSERT INTO productos (id, nombre, precio, stock_inicial, categoria_id) VALUES (19, 'Canon PIXMA Printer', 89990, 40, 10);
INSERT INTO productos (id, nombre, precio, stock_inicial, categoria_id) VALUES (20, '3D Printer Kit', 249900, 10, 17);

-- 13) prod_exp (20) - relación expositores-productos con precio_conv y stock_conv
INSERT INTO prod_exp (expositores_id, productos_id, precio_conv, stock_conv) VALUES (1, 1, 650000, 10);
INSERT INTO prod_exp (expositores_id, productos_id, precio_conv, stock_conv) VALUES (2, 2, 850000, 8);
INSERT INTO prod_exp (expositores_id, productos_id, precio_conv, stock_conv) VALUES (3, 3, 1150000, 5);
INSERT INTO prod_exp (expositores_id, productos_id, precio_conv, stock_conv) VALUES (4, 4, 570000, 7);
INSERT INTO prod_exp (expositores_id, productos_id, precio_conv, stock_conv) VALUES (5, 7, 1250000, 3);
INSERT INTO prod_exp (expositores_id, productos_id, precio_conv, stock_conv) VALUES (6, 6, 520000, 4);
INSERT INTO prod_exp (expositores_id, productos_id, precio_conv, stock_conv) VALUES (7, 1, 640000, 6);
INSERT INTO prod_exp (expositores_id, productos_id, precio_conv, stock_conv) VALUES (8, 17, 38000, 50);
INSERT INTO prod_exp (expositores_id, productos_id, precio_conv, stock_conv) VALUES (9, 18, 185000, 10);
INSERT INTO prod_exp (expositores_id, productos_id, precio_conv, stock_conv) VALUES (10, 8, 670000, 6);
INSERT INTO prod_exp (expositores_id, productos_id, precio_conv, stock_conv) VALUES (11, 9, 1340000, 4);
INSERT INTO prod_exp (expositores_id, productos_id, precio_conv, stock_conv) VALUES (12, 10, 520000, 8);
INSERT INTO prod_exp (expositores_id, productos_id, precio_conv, stock_conv) VALUES (13, 13, 115000, 30);
INSERT INTO prod_exp (expositores_id, productos_id, precio_conv, stock_conv) VALUES (14, 14, 330000, 10);
INSERT INTO prod_exp (expositores_id, productos_id, precio_conv, stock_conv) VALUES (15, 11, 870000, 2);
INSERT INTO prod_exp (expositores_id, productos_id, precio_conv, stock_conv) VALUES (16, 12, 760000, 2);
INSERT INTO prod_exp (expositores_id, productos_id, precio_conv, stock_conv) VALUES (17, 13, 110000, 20);
INSERT INTO prod_exp (expositores_id, productos_id, precio_conv, stock_conv) VALUES (18, 14, 320000, 12);
INSERT INTO prod_exp (expositores_id, productos_id, precio_conv, stock_conv) VALUES (19, 15, 30000, 50);
INSERT INTO prod_exp (expositores_id, productos_id, precio_conv, stock_conv) VALUES (20, 16, 28000, 40);

-- 14) invitados (20)
INSERT INTO invitados (id, nombre_artistico, nacionalidad, tipo_invitado_id) VALUES (1, 'DJ Máximo', 'Chile', 12);
INSERT INTO invitados (id, nombre_artistico, nacionalidad, tipo_invitado_id) VALUES (2, 'Chef Laura', 'Perú', 5);
INSERT INTO invitados (id, nombre_artistico, nacionalidad, tipo_invitado_id) VALUES (3, 'Orquesta Nova', 'Argentina', 12);
INSERT INTO invitados (id, nombre_artistico, nacionalidad, tipo_invitado_id) VALUES (4, 'Cantante Sol', 'Chile', 12);
INSERT INTO invitados (id, nombre_artistico, nacionalidad, tipo_invitado_id) VALUES (5, 'Influencer Tech', 'US', 16);
INSERT INTO invitados (id, nombre_artistico, nacionalidad, tipo_invitado_id) VALUES (6, 'Chef Pablo', 'Chile', 5);
INSERT INTO invitados (id, nombre_artistico, nacionalidad, tipo_invitado_id) VALUES (7, 'Escritor Famoso', 'España', 3);
INSERT INTO invitados (id, nombre_artistico, nacionalidad, tipo_invitado_id) VALUES (8, 'Fotógrafo Pro', 'Canadá', 11);
INSERT INTO invitados (id, nombre_artistico, nacionalidad, tipo_invitado_id) VALUES (9, 'Actor Cine', 'Francia', 17);
INSERT INTO invitados (id, nombre_artistico, nacionalidad, tipo_invitado_id) VALUES (10, 'Youtuber Juego', 'México', 18);
INSERT INTO invitados (id, nombre_artistico, nacionalidad, tipo_invitado_id) VALUES (11, 'Panelista FinTech', 'UK', 15);
INSERT INTO invitados (id, nombre_artistico, nacionalidad, tipo_invitado_id) VALUES (12, 'Robotics Guru', 'Alemania', 19);
INSERT INTO invitados (id, nombre_artistico, nacionalidad, tipo_invitado_id) VALUES (13, 'Designer Chic', 'Italia', 10);
INSERT INTO invitados (id, nombre_artistico, nacionalidad, tipo_invitado_id) VALUES (14, 'Chef Internacional', 'Brasil', 5);
INSERT INTO invitados (id, nombre_artistico, nacionalidad, tipo_invitado_id) VALUES (15, 'Speaker Edu', 'Chile', 16);
INSERT INTO invitados (id, nombre_artistico, nacionalidad, tipo_invitado_id) VALUES (16, 'Streamer Pro', 'Colombia', 18);
INSERT INTO invitados (id, nombre_artistico, nacionalidad, tipo_invitado_id) VALUES (17, 'Ecologista Lead', 'Ecuador', 9);
INSERT INTO invitados (id, nombre_artistico, nacionalidad, tipo_invitado_id) VALUES (18, 'Fotógrafa Indie', 'Uruguay', 11);
INSERT INTO invitados (id, nombre_artistico, nacionalidad, tipo_invitado_id) VALUES (19, 'Cineasta Indie', 'Chile', 17);
INSERT INTO invitados (id, nombre_artistico, nacionalidad, tipo_invitado_id) VALUES (20, 'Maestro Robótica', 'Japón', 19);

-- 15) inv_conv (20) - invitados vinculados a convenciones
INSERT INTO inv_conv (convenciones_id, invitados_id, tipo_participacion) VALUES (1, 10, 'P');
INSERT INTO inv_conv (convenciones_id, invitados_id, tipo_participacion) VALUES (2, 5, 'C');
INSERT INTO inv_conv (convenciones_id, invitados_id, tipo_participacion) VALUES (3, 2, 'P');
INSERT INTO inv_conv (convenciones_id, invitados_id, tipo_participacion) VALUES (4, 15, 'P');
INSERT INTO inv_conv (convenciones_id, invitados_id, tipo_participacion) VALUES (5, 6, 'P');
INSERT INTO inv_conv (convenciones_id, invitados_id, tipo_participacion) VALUES (6, 11, 'P');
INSERT INTO inv_conv (convenciones_id, invitados_id, tipo_participacion) VALUES (7, 12, 'P');
INSERT INTO inv_conv (convenciones_id, invitados_id, tipo_participacion) VALUES (8, 1, 'C');
INSERT INTO inv_conv (convenciones_id, invitados_id, tipo_participacion) VALUES (9, 17, 'P');
INSERT INTO inv_conv (convenciones_id, invitados_id, tipo_participacion) VALUES (10, 8, 'P');
INSERT INTO inv_conv (convenciones_id, invitados_id, tipo_participacion) VALUES (11, 19, 'P');
INSERT INTO inv_conv (convenciones_id, invitados_id, tipo_participacion) VALUES (12, 13, 'P');
INSERT INTO inv_conv (convenciones_id, invitados_id, tipo_participacion) VALUES (13, 14, 'P');
INSERT INTO inv_conv (convenciones_id, invitados_id, tipo_participacion) VALUES (14, 9, 'P');
INSERT INTO inv_conv (convenciones_id, invitados_id, tipo_participacion) VALUES (15, 20, 'P');
INSERT INTO inv_conv (convenciones_id, invitados_id, tipo_participacion) VALUES (16, 10, 'C');
INSERT INTO inv_conv (convenciones_id, invitados_id, tipo_participacion) VALUES (17, 15, 'P');
INSERT INTO inv_conv (convenciones_id, invitados_id, tipo_participacion) VALUES (18, 11, 'P');
INSERT INTO inv_conv (convenciones_id, invitados_id, tipo_participacion) VALUES (19, 8, 'P');
INSERT INTO inv_conv (convenciones_id, invitados_id, tipo_participacion) VALUES (20, 13, 'P');

-- 16) entradas (20) - tickets para convenciones
INSERT INTO entradas (id, fecha, tipo_entrada, monto, convenciones_id) VALUES (1, TO_DATE('2025-07-01','YYYY-MM-DD'), 'A', 12000, 1);
INSERT INTO entradas (id, fecha, tipo_entrada, monto, convenciones_id) VALUES (2, TO_DATE('2025-07-01','YYYY-MM-DD'), 'B', 8000, 1);
INSERT INTO entradas (id, fecha, tipo_entrada, monto, convenciones_id) VALUES (3, TO_DATE('2025-08-01','YYYY-MM-DD'), 'A', 25000, 2);
INSERT INTO entradas (id, fecha, tipo_entrada, monto, convenciones_id) VALUES (4, TO_DATE('2025-08-01','YYYY-MM-DD'), 'B', 15000, 2);
INSERT INTO entradas (id, fecha, tipo_entrada, monto, convenciones_id) VALUES (5, TO_DATE('2024-09-01','YYYY-MM-DD'), 'A', 18000, 3);
INSERT INTO entradas (id, fecha, tipo_entrada, monto, convenciones_id) VALUES (6, TO_DATE('2023-11-01','YYYY-MM-DD'), 'A', 6000, 4);
INSERT INTO entradas (id, fecha, tipo_entrada, monto, convenciones_id) VALUES (7, TO_DATE('2024-05-01','YYYY-MM-DD'), 'A', 22000, 5);
INSERT INTO entradas (id, fecha, tipo_entrada, monto, convenciones_id) VALUES (8, TO_DATE('2024-10-01','YYYY-MM-DD'), 'A', 35000, 6);
INSERT INTO entradas (id, fecha, tipo_entrada, monto, convenciones_id) VALUES (9, TO_DATE('2025-03-01','YYYY-MM-DD'), 'A', 45000, 7);
INSERT INTO entradas (id, fecha, tipo_entrada, monto, convenciones_id) VALUES (10, TO_DATE('2024-06-01','YYYY-MM-DD'), 'A', 28000, 8);
INSERT INTO entradas (id, fecha, tipo_entrada, monto, convenciones_id) VALUES (11, TO_DATE('2026-02-01','YYYY-MM-DD'), 'A', 60000, 9);
INSERT INTO entradas (id, fecha, tipo_entrada, monto, convenciones_id) VALUES (12, TO_DATE('2024-04-01','YYYY-MM-DD'), 'A', 12000, 10);
INSERT INTO entradas (id, fecha, tipo_entrada, monto, convenciones_id) VALUES (13, TO_DATE('2025-09-01','YYYY-MM-DD'), 'A', 22000, 11);
INSERT INTO entradas (id, fecha, tipo_entrada, monto, convenciones_id) VALUES (14, TO_DATE('2024-09-01','YYYY-MM-DD'), 'A', 45000, 12);
INSERT INTO entradas (id, fecha, tipo_entrada, monto, convenciones_id) VALUES (15, TO_DATE('2024-08-01','YYYY-MM-DD'), 'A', 15000, 13);
INSERT INTO entradas (id, fecha, tipo_entrada, monto, convenciones_id) VALUES (16, TO_DATE('2025-11-01','YYYY-MM-DD'), 'A', 25000, 14);
INSERT INTO entradas (id, fecha, tipo_entrada, monto, convenciones_id) VALUES (17, TO_DATE('2024-10-01','YYYY-MM-DD'), 'A', 30000, 15);
INSERT INTO entradas (id, fecha, tipo_entrada, monto, convenciones_id) VALUES (18, TO_DATE('2024-07-01','YYYY-MM-DD'), 'B', 7000, 16);
INSERT INTO entradas (id, fecha, tipo_entrada, monto, convenciones_id) VALUES (19, TO_DATE('2025-05-01','YYYY-MM-DD'), 'A', 11000, 17);
INSERT INTO entradas (id, fecha, tipo_entrada, monto, convenciones_id) VALUES (20, TO_DATE('2024-11-01','YYYY-MM-DD'), 'A', 40000, 18);

-- 17) venta_enc (20) - encabezados de venta (relacionados con exp_conv)
-- Asegurarse que la pareja exp_conv (expositores_id, convenciones_id) exista según exp_conv inserts.
INSERT INTO venta_enc (id, neto, iva, total, exp_conv_expositores_id, exp_conv_convenciones_id)
VALUES (1, 650000, 123500, 773500, 1, 2);
INSERT INTO venta_enc (id, neto, iva, total, exp_conv_expositores_id, exp_conv_convenciones_id)
VALUES (2, 850000, 161500, 1011500, 2, 2);
INSERT INTO venta_enc (id, neto, iva, total, exp_conv_expositores_id, exp_conv_convenciones_id)
VALUES (3, 1150000, 218500, 1368500, 3, 2);
INSERT INTO venta_enc (id, neto, iva, total, exp_conv_expositores_id, exp_conv_convenciones_id)
VALUES (4, 570000, 108300, 678300, 4, 2);
INSERT INTO venta_enc (id, neto, iva, total, exp_conv_expositores_id, exp_conv_convenciones_id)
VALUES (5, 1250000, 237500, 1487500, 5, 8);
INSERT INTO venta_enc (id, neto, iva, total, exp_conv_expositores_id, exp_conv_convenciones_id)
VALUES (6, 520000, 98800, 618800, 6, 7);
INSERT INTO venta_enc (id, neto, iva, total, exp_conv_expositores_id, exp_conv_convenciones_id)
VALUES (7, 640000, 121600, 761600, 7, 2);
INSERT INTO venta_enc (id, neto, iva, total, exp_conv_expositores_id, exp_conv_convenciones_id)
VALUES (8, 38000, 7220, 45220, 8, 2);
INSERT INTO venta_enc (id, neto, iva, total, exp_conv_expositores_id, exp_conv_convenciones_id)
VALUES (9, 185000, 35150, 220150, 9, 8);
INSERT INTO venta_enc (id, neto, iva, total, exp_conv_expositores_id, exp_conv_convenciones_id)
VALUES (10, 670000, 127300, 797300, 10, 10);
INSERT INTO venta_enc (id, neto, iva, total, exp_conv_expositores_id, exp_conv_convenciones_id)
VALUES (11, 1340000, 254600, 1594600, 11, 10);
INSERT INTO venta_enc (id, neto, iva, total, exp_conv_expositores_id, exp_conv_convenciones_id)
VALUES (12, 520000, 98800, 618800, 12, 10);
INSERT INTO venta_enc (id, neto, iva, total, exp_conv_expositores_id, exp_conv_convenciones_id)
VALUES (13, 115000, 21850, 136850, 13, 10);
INSERT INTO venta_enc (id, neto, iva, total, exp_conv_expositores_id, exp_conv_convenciones_id)
VALUES (14, 320000, 60800, 380800, 14, 11);
INSERT INTO venta_enc (id, neto, iva, total, exp_conv_expositores_id, exp_conv_convenciones_id)
VALUES (15, 870000, 165300, 1032300, 15, 10);
INSERT INTO venta_enc (id, neto, iva, total, exp_conv_expositores_id, exp_conv_convenciones_id)
VALUES (16, 760000, 136400, 896400, 16, 10);
INSERT INTO venta_enc (id, neto, iva, total, exp_conv_expositores_id, exp_conv_convenciones_id)
VALUES (17, 110000, 19800, 129800, 17, 8);
INSERT INTO venta_enc (id, neto, iva, total, exp_conv_expositores_id, exp_conv_convenciones_id)
VALUES (18, 320000, 60800, 380800, 18, 1);
INSERT INTO venta_enc (id, neto, iva, total, exp_conv_expositores_id, exp_conv_convenciones_id)
VALUES (19, 30000, 5700, 35700, 19, 11);
INSERT INTO venta_enc (id, neto, iva, total, exp_conv_expositores_id, exp_conv_convenciones_id)
VALUES (20, 28000, 5320, 33320, 20, 11);

-- 18) venta_det (20) - detalle: referencia prod_exp (expositores_id, productos_id) and venta_enc_id
INSERT INTO venta_det (id, cantidad, sub_total, venta_enc_id, prod_exp_expositores_id, prod_exp_productos_id)
VALUES (1, 1, 650000, 1, 1, 1);
INSERT INTO venta_det (id, cantidad, sub_total, venta_enc_id, prod_exp_expositores_id, prod_exp_productos_id)
VALUES (2, 1, 850000, 2, 2, 2);
INSERT INTO venta_det (id, cantidad, sub_total, venta_enc_id, prod_exp_expositores_id, prod_exp_productos_id)
VALUES (3, 1, 1150000, 3, 3, 3);
INSERT INTO venta_det (id, cantidad, sub_total, venta_enc_id, prod_exp_expositores_id, prod_exp_productos_id)
VALUES (4, 1, 570000, 4, 4, 4);
INSERT INTO venta_det (id, cantidad, sub_total, venta_enc_id, prod_exp_expositores_id, prod_exp_productos_id)
VALUES (5, 1, 1250000, 5, 5, 7);
INSERT INTO venta_det (id, cantidad, sub_total, venta_enc_id, prod_exp_expositores_id, prod_exp_productos_id)
VALUES (6, 1, 520000, 6, 6, 6);
INSERT INTO venta_det (id, cantidad, sub_total, venta_enc_id, prod_exp_expositores_id, prod_exp_productos_id)
VALUES (7, 2, 1280000, 7, 7, 1);
INSERT INTO venta_det (id, cantidad, sub_total, venta_enc_id, prod_exp_expositores_id, prod_exp_productos_id)
VALUES (8, 1, 38000, 8, 8, 17);
INSERT INTO venta_det (id, cantidad, sub_total, venta_enc_id, prod_exp_expositores_id, prod_exp_productos_id)
VALUES (9, 1, 185000, 9, 9, 18);
INSERT INTO venta_det (id, cantidad, sub_total, venta_enc_id, prod_exp_expositores_id, prod_exp_productos_id)
VALUES (10, 1, 670000, 10, 10, 8);
INSERT INTO venta_det (id, cantidad, sub_total, venta_enc_id, prod_exp_expositores_id, prod_exp_productos_id)
VALUES (11, 1, 1340000, 11, 11, 9);
INSERT INTO venta_det (id, cantidad, sub_total, venta_enc_id, prod_exp_expositores_id, prod_exp_productos_id)
VALUES (12, 2, 1040000, 12, 12, 10);
INSERT INTO venta_det (id, cantidad, sub_total, venta_enc_id, prod_exp_expositores_id, prod_exp_productos_id)
VALUES (13, 1, 115000, 13, 13, 13);
INSERT INTO venta_det (id, cantidad, sub_total, venta_enc_id, prod_exp_expositores_id, prod_exp_productos_id)
VALUES (14, 1, 320000, 14, 14, 14);
INSERT INTO venta_det (id, cantidad, sub_total, venta_enc_id, prod_exp_expositores_id, prod_exp_productos_id)
VALUES (15, 1, 870000, 15, 15, 11);
INSERT INTO venta_det (id, cantidad, sub_total, venta_enc_id, prod_exp_expositores_id, prod_exp_productos_id)
VALUES (16, 1, 760000, 16, 16, 12);
INSERT INTO venta_det (id, cantidad, sub_total, venta_enc_id, prod_exp_expositores_id, prod_exp_productos_id)
VALUES (17, 1, 110000, 17, 17, 13);
INSERT INTO venta_det (id, cantidad, sub_total, venta_enc_id, prod_exp_expositores_id, prod_exp_productos_id)
VALUES (18, 1, 320000, 18, 18, 14);
INSERT INTO venta_det (id, cantidad, sub_total, venta_enc_id, prod_exp_expositores_id, prod_exp_productos_id)
VALUES (19, 2, 60000, 19, 19, 15);
INSERT INTO venta_det (id, cantidad, sub_total, venta_enc_id, prod_exp_expositores_id, prod_exp_productos_id)
VALUES (20, 1, 28000, 20, 20, 16);

-- 19) venta_entradas (20) - relacion entradas <-> asistentes
INSERT INTO venta_entradas (entradas_id, asistentes_rut, medio_pago, cantidad) VALUES (1, 11111111, 'T', 1);
INSERT INTO venta_entradas (entradas_id, asistentes_rut, medio_pago, cantidad) VALUES (2, 22222222, 'C', 1);
INSERT INTO venta_entradas (entradas_id, asistentes_rut, medio_pago, cantidad) VALUES (3, 33333333, 'T', 2);
INSERT INTO venta_entradas (entradas_id, asistentes_rut, medio_pago, cantidad) VALUES (4, 44444444, 'E', 1);
INSERT INTO venta_entradas (entradas_id, asistentes_rut, medio_pago, cantidad) VALUES (5, 55555555, 'T', 1);
INSERT INTO venta_entradas (entradas_id, asistentes_rut, medio_pago, cantidad) VALUES (6, 66666666, 'C', 1);
INSERT INTO venta_entradas (entradas_id, asistentes_rut, medio_pago, cantidad) VALUES (7, 77777777, 'T', 2);
INSERT INTO venta_entradas (entradas_id, asistentes_rut, medio_pago, cantidad) VALUES (8, 88888888, 'T', 1);
INSERT INTO venta_entradas (entradas_id, asistentes_rut, medio_pago, cantidad) VALUES (9, 99999999, 'C', 1);
INSERT INTO venta_entradas (entradas_id, asistentes_rut, medio_pago, cantidad) VALUES (10, 10101010, 'E', 1);
INSERT INTO venta_entradas (entradas_id, asistentes_rut, medio_pago, cantidad) VALUES (11, 12121212, 'T', 1);
INSERT INTO venta_entradas (entradas_id, asistentes_rut, medio_pago, cantidad) VALUES (12, 13131313, 'T', 1);
INSERT INTO venta_entradas (entradas_id, asistentes_rut, medio_pago, cantidad) VALUES (13, 14141414, 'C', 2);
INSERT INTO venta_entradas (entradas_id, asistentes_rut, medio_pago, cantidad) VALUES (14, 15151515, 'T', 1);
INSERT INTO venta_entradas (entradas_id, asistentes_rut, medio_pago, cantidad) VALUES (15, 16161616, 'E', 3);
INSERT INTO venta_entradas (entradas_id, asistentes_rut, medio_pago, cantidad) VALUES (16, 17171717, 'T', 1);
INSERT INTO venta_entradas (entradas_id, asistentes_rut, medio_pago, cantidad) VALUES (17, 18181818, 'C', 1);
INSERT INTO venta_entradas (entradas_id, asistentes_rut, medio_pago, cantidad) VALUES (18, 19191919, 'T', 1);
INSERT INTO venta_entradas (entradas_id, asistentes_rut, medio_pago, cantidad) VALUES (19, 20202020, 'T', 1);
INSERT INTO venta_entradas (entradas_id, asistentes_rut, medio_pago, cantidad) VALUES (20, 11111111, 'C', 2);

-- 20) asis_conv (20) - asistentes inscritos en convenciones (asistentes_rut, convenciones_id, annio, tipo_pago)
INSERT INTO asis_conv (asistentes_rut, convenciones_id, annio, tipo_pago) VALUES (11111111, 1, 2025, 'T');
INSERT INTO asis_conv (asistentes_rut, convenciones_id, annio, tipo_pago) VALUES (22222222, 1, 2025, 'C');
INSERT INTO asis_conv (asistentes_rut, convenciones_id, annio, tipo_pago) VALUES (33333333, 2, 2025, 'T');
INSERT INTO asis_conv (asistentes_rut, convenciones_id, annio, tipo_pago) VALUES (44444444, 2, 2025, 'E');
INSERT INTO asis_conv (asistentes_rut, convenciones_id, annio, tipo_pago) VALUES (55555555, 3, 2024, 'T');
INSERT INTO asis_conv (asistentes_rut, convenciones_id, annio, tipo_pago) VALUES (66666666, 4, 2023, 'C');
INSERT INTO asis_conv (asistentes_rut, convenciones_id, annio, tipo_pago) VALUES (77777777, 5, 2024, 'T');
INSERT INTO asis_conv (asistentes_rut, convenciones_id, annio, tipo_pago) VALUES (88888888, 6, 2024, 'T');
INSERT INTO asis_conv (asistentes_rut, convenciones_id, annio, tipo_pago) VALUES (99999999, 7, 2025, 'C');
INSERT INTO asis_conv (asistentes_rut, convenciones_id, annio, tipo_pago) VALUES (10101010, 8, 2024, 'E');
INSERT INTO asis_conv (asistentes_rut, convenciones_id, annio, tipo_pago) VALUES (12121212, 9, 2026, 'T');
INSERT INTO asis_conv (asistentes_rut, convenciones_id, annio, tipo_pago) VALUES (13131313, 10, 2024, 'T');
INSERT INTO asis_conv (asistentes_rut, convenciones_id, annio, tipo_pago) VALUES (14141414, 11, 2025, 'C');
INSERT INTO asis_conv (asistentes_rut, convenciones_id, annio, tipo_pago) VALUES (15151515, 12, 2024, 'T');
INSERT INTO asis_conv (asistentes_rut, convenciones_id, annio, tipo_pago) VALUES (16161616, 13, 2025, 'E');
INSERT INTO asis_conv (asistentes_rut, convenciones_id, annio, tipo_pago) VALUES (17171717, 14, 2025, 'T');
INSERT INTO asis_conv (asistentes_rut, convenciones_id, annio, tipo_pago) VALUES (18181818, 15, 2024, 'C');
INSERT INTO asis_conv (asistentes_rut, convenciones_id, annio, tipo_pago) VALUES (19191919, 16, 2024, 'T');
INSERT INTO asis_conv (asistentes_rut, convenciones_id, annio, tipo_pago) VALUES (20202020, 17, 2025, 'T');
INSERT INTO asis_conv (asistentes_rut, convenciones_id, annio, tipo_pago) VALUES (11111111, 18, 2024, 'C');

-- 21) asis_concurso (20) - asistentes participantes en concursos (resultado, posicion, premio)
INSERT INTO asis_concurso (asistentes_rut, concursos_id, resultado, posicion, premio)
VALUES (11111111, 1, 'Ganador', 1, 'Viaje a Tokio');
INSERT INTO asis_concurso (asistentes_rut, concursos_id, resultado, posicion, premio)
VALUES (22222222, 1, 'Finalista', 2, 'Voucher local');
INSERT INTO asis_concurso (asistentes_rut, concursos_id, resultado, posicion, premio)
VALUES (33333333, 2, 'Ganador', 1, 'Laptop Gamer');
INSERT INTO asis_concurso (asistentes_rut, concursos_id, resultado, posicion, premio)
VALUES (44444444, 3, 'Ganador', 1, 'Cocina profesional');
INSERT INTO asis_concurso (asistentes_rut, concursos_id, resultado, posicion, premio)
VALUES (55555555, 4, 'Participante', 10, 'Tablet');
INSERT INTO asis_concurso (asistentes_rut, concursos_id, resultado, posicion, premio)
VALUES (66666666, 5, 'Ganador', 1, 'Inscripción global');
INSERT INTO asis_concurso (asistentes_rut, concursos_id, resultado, posicion, premio)
VALUES (77777777, 6, 'Finalista', 2, 'Mentoría');
INSERT INTO asis_concurso (asistentes_rut, concursos_id, resultado, posicion, premio)
VALUES (88888888, 7, 'Ganador', 1, 'Printer 3D');
INSERT INTO asis_concurso (asistentes_rut, concursos_id, resultado, posicion, premio)
VALUES (99999999, 8, 'Ganador', 1, 'Contrato local');
INSERT INTO asis_concurso (asistentes_rut, concursos_id, resultado, posicion, premio)
VALUES (10101010, 9, 'Participante', 5, 'Beca proyecto');
INSERT INTO asis_concurso (asistentes_rut, concursos_id, resultado, posicion, premio)
VALUES (12121212, 10, 'Ganador', 1, 'Cámara profesional');
INSERT INTO asis_concurso (asistentes_rut, concursos_id, resultado, posicion, premio)
VALUES (13131313, 11, 'Ganador', 1, 'Publicación en plataforma');
INSERT INTO asis_concurso (asistentes_rut, concursos_id, resultado, posicion, premio)
VALUES (14141414, 12, 'Finalista', 2, 'Pasarela');
INSERT INTO asis_concurso (asistentes_rut, concursos_id, resultado, posicion, premio)
VALUES (15151515, 13, 'Ganador', 1, 'Financiamiento');
INSERT INTO asis_concurso (asistentes_rut, concursos_id, resultado, posicion, premio)
VALUES (16161616, 14, 'Finalista', 2, 'Distribución');
INSERT INTO asis_concurso (asistentes_rut, concursos_id, resultado, posicion, premio)
VALUES (17171717, 15, 'Ganador', 1, 'Kit avanzado');
INSERT INTO asis_concurso (asistentes_rut, concursos_id, resultado, posicion, premio)
VALUES (18181818, 16, 'Ganador', 1, 'Pasaje + Hotel');
INSERT INTO asis_concurso (asistentes_rut, concursos_id, resultado, posicion, premio)
VALUES (19191919, 17, 'Participante', 6, 'Kit educativo');
INSERT INTO asis_concurso (asistentes_rut, concursos_id, resultado, posicion, premio)
VALUES (20202020, 18, 'Ganador', 1, 'Créditos nube');
INSERT INTO asis_concurso (asistentes_rut, concursos_id, resultado, posicion, premio)
VALUES (11111111, 19, 'Finalista', 2, 'Viaje + cámara');

-- =====================================================
-- FIN DEL BLOQUE DE INSERTS (20 registros por tabla)
-- =====================================================
